sample name	reads mapped	total reads	proportion
phb_GC125657.bam	51	13882733	3.6736282402031357e-06
phb_GC125668.bam	17	9055246	1.877364789427035e-06
phb_GC125633.bam	31	8159551	3.7992286585377062e-06
phb_GC127855-ready.bam	332	22003370	1.5088597792065488e-05
phb_GC127867-ready.bam	428	18488457	2.3149579221240583e-05
phb_GC125648.bam	125	18245133	6.8511421648721335e-06
