sample name	reads mapped	total reads	proportion
pcl_GC125648.bam	6	18245133	3.2885482391386237e-07
pcl_GC125657.bam	5	13882733	3.601596313924643e-07
pcl_GC127855-ready.bam	0	22003370	0.0
pcl_GC125668.bam	0	9055246	0.0
pcl_GC127867-ready.bam	0	18488457	0.0
pcl_GC125633.bam	0	8159551	0.0
