sample name	reads mapped	total reads	proportion
ab-hydrolase_GC125668.bam	4969	9055246	0.0005487426846272316
ab-hydrolase_GC127855-ready.bam	8379	22003370	0.0003808053039148094
ab-hydrolase_GC127867-ready.bam	11183	18488457	0.0006048638888577885
ab-hydrolase_GC125657.bam	7802	13882733	0.0005619930888248012
ab-hydrolase_GC125648.bam	9351	18245133	0.0005125202430697546
ab-hydrolase_GC125633.bam	4600	8159551	0.0005637565106217242
