sample name	reads mapped	total reads	proportion
nylon_GC127867-ready.bam	329	18488457	1.779488683128073e-05
nylon_GC125668.bam	154	9055246	1.7006716327750788e-05
nylon_GC127855-ready.bam	235	22003370	1.0680182172094547e-05
nylon_GC125657.bam	502	13882733	3.616002699180342e-05
nylon_GC125648.bam	933	18245133	5.11369251186056e-05
nylon_GC125633.bam	64	8159551	7.843568843432684e-06
