sample name	reads mapped	total reads	proportion
pbat_GC125668.bam	129	9055246	1.424588575506397e-05
pbat_GC125648.bam	420	18245133	2.3019837673970368e-05
pbat_GC127867-ready.bam	397	18488457	2.1472857361758205e-05
pbat_GC125633.bam	106	8159551	1.2990910896935382e-05
pbat_GC127855-ready.bam	316	22003370	1.4361436452688838e-05
pbat_GC125657.bam	301	13882733	2.168160980982635e-05
