sample name	reads mapped	total reads	proportion
pha_GC127855-ready.bam	113	22003370	5.1355769593475905e-06
pha_GC127867-ready.bam	95	18488457	5.138341182284709e-06
pha_GC125668.bam	40	9055246	4.4173289162989055e-06
pha_GC125657.bam	63	13882733	4.53801135554505e-06
pha_GC125648.bam	40	18245133	2.1923654927590827e-06
pha_GC125633.bam	51	8159551	6.25034392211042e-06
